generation, energyBest, fitnessBest, fitnessMin, fitnessMax, fitnessMedian, fitnessAvg, lenghtAvg, similarityAvg, %invalid, lastChange
1, 10022.592773, 10022.592773, 10022.592773, 11152.893555, 10627.046875, 10584.284180, 109.279999, -nan, 0.630000, 0
2, 9989.932617, 9989.932617, 9989.932617, 11081.221680, 10628.435547, 10598.194336, 131.500000, 0.646684, 0.105000, 0
3, 9989.932617, 9989.932617, 9989.932617, 11180.534180, 10580.134766, 10579.327148, 133.089996, 0.787743, 0.125000, 1
