generation, lastChange, bestEnergy, bestTime, bestFitness, %invalid, validCount, deltaInv, dtInv, negVelInv, endVelInv, timeInv, notRun, fitnessMin, fitnessMax, fitnessMedian, fitnessAvg, fitnessStd,lengthMin, lengthMax, lengthMedian, lengthAvg, lengthStd,genotypeSimMin, genotypeSimMax, genotypeSimMedian, genotypeSimAvg, genotypeSimStd,fenotypeSimMin, fenotypeSimMax, fenotypeSimMedian, fenotypeSimAvg, fenotypeSimStd,fitnessSimMin, fitnessSimMax, fitnessSimMedian, fitnessSimAvg, fitnessSimStd,
1,  0,  4895.068848,  138.327881,  4895.068848,  0.610000,39, 2, 0, 0, 3, 56, 0, 4895.068848,5429.421875,5261.550293,5231.749023,123.959671,3.000000,60.000000,18.000000,32.070000,15.503067,0.000000,44.000000,11.000000,18.510000,12.488791,0.000000,54.412308,33.009743,37.481045,9.707483,0.000000,534.353027,366.481445,336.680298,123.957405,
2,  1,  4895.068848,  138.327881,  4895.068848,  0.080000,92, 0, 1, 0, 2, 5, 0, 4895.068848,5443.063477,5247.871094,5223.834961,129.236221,16.000000,58.000000,38.500000,37.459999,10.472271,0.000000,42.000000,22.500000,21.459999,10.472271,0.000000,55.702168,40.395508,36.978424,9.503790,0.000000,547.994629,352.802002,328.767120,129.206177,
3,  2,  4895.068848,  138.327881,  4895.068848,  0.220000,78, 0, 0, 0, 0, 22, 0, 4895.068848,5459.698242,5268.032227,5227.901367,144.803314,16.000000,50.000000,32.000000,36.650002,6.411498,0.000000,34.000000,16.000000,20.650000,6.411514,0.000000,54.827240,34.227554,35.061436,8.886155,0.000000,564.629395,372.963135,332.832397,144.795868,
4,  3,  4895.068848,  138.327881,  4895.068848,  0.040000,96, 0, 0, 0, 0, 4, 0, 4895.068848,5537.281250,5262.312500,5223.145996,152.348282,16.000000,51.000000,45.000000,36.599998,6.424953,0.000000,35.000000,29.000000,20.600000,6.424951,0.000000,59.197037,38.866444,35.956181,8.981881,0.000000,642.212402,367.243896,328.076752,152.377197,
5,  0,  4892.489746,  138.157043,  4892.489746,  0.070000,93, 0, 0, 0, 0, 7, 0, 4892.489746,5470.161621,5309.851562,5238.846680,145.684586,16.000000,51.000000,33.500000,36.270000,7.375439,0.000000,21.000000,7.500000,7.970000,5.494461,0.000000,61.941586,36.792057,34.908817,7.872411,0.000000,577.671875,417.361816,346.358185,145.615906,
